cohort_type,cohort,domains,spf_pct,spf_hardfail_pct,dmarc_pct,dmarc_p_none_pct,dmarc_enforced_pct,dmarc_reject_pct,spf_without_dmarc_pct,dmarc_rua_pct
all,All mail-receiving dealer domains,8032,75.4,36.7,46.9,23.9,22.9,8.1,32.0,26.9
mail_provider,Other,2794,67.0,19.8,45.5,29.6,15.9,6.8,27.6,17.2
mail_provider,Microsoft365,2393,99.2,76.7,57.3,23.2,34.1,9.4,42.2,36.6
mail_provider,Security gateway,915,93.1,47.5,69.5,23.8,45.6,18.4,24.9,55.0
mail_provider,GoogleWorkspace,900,71.1,7.1,38.0,23.3,14.6,6.1,36.2,22.9
mail_provider,GoDaddy,729,12.9,4.9,11.7,9.5,2.2,0.3,9.9,8.5
mail_provider,DealerPlatform,155,69.7,1.3,7.1,4.5,2.6,1.3,62.6,3.2
mail_provider,Google,122,73.8,8.2,39.3,26.2,13.1,6.6,36.9,21.3
brand,Mercedes-Benz,228,88.2,46.9,71.5,31.1,40.4,17.5,17.5,47.4
brand,Audi,190,92.6,48.4,75.8,35.8,40.0,16.8,17.4,51.6
brand,BMW,226,89.4,47.3,71.2,33.6,37.2,15.0,19.0,50.4
brand,Volkswagen,276,90.9,43.5,69.6,34.4,35.1,11.6,22.8,48.2
brand,Toyota,529,79.0,38.6,57.1,22.7,34.4,12.9,27.0,33.6
brand,Honda,554,79.2,40.3,50.5,21.1,29.4,10.8,32.3,33.9
brand,GMC,607,83.7,42.5,59.0,30.0,29.0,10.9,27.8,36.7
brand,Buick,530,81.3,40.8,56.8,27.9,28.9,10.0,28.3,35.5
brand,Acura,162,79.6,32.1,47.5,22.2,25.3,10.5,35.2,32.7
brand,Nissan,507,74.8,35.3,45.0,21.3,23.7,5.1,32.7,21.9
brand,Hyundai,439,73.1,40.5,44.4,21.2,23.2,7.7,31.2,26.0
brand,Kia,426,79.1,37.1,46.2,23.9,22.3,7.3,37.1,25.6
brand,Dodge,1133,77.9,37.2,48.4,25.9,22.2,6.6,33.3,26.1
brand,Ram,1080,77.7,36.8,47.6,25.6,21.8,6.9,33.6,25.7
brand,Jeep,1156,77.8,37.0,48.6,26.6,21.8,6.6,32.6,26.3
brand,Chrysler,1122,77.9,36.9,48.5,26.7,21.6,6.6,32.9,26.2
brand,Mazda,281,73.3,37.0,40.2,19.2,21.0,6.8,35.9,21.7
brand,Subaru,365,75.9,27.1,39.5,20.0,19.5,7.9,39.2,22.7
brand,Chevrolet,1345,74.8,34.3,43.3,27.1,16.1,5.7,36.4,21.1
brand,Cadillac,213,58.7,26.8,37.1,21.1,16.0,6.6,28.2,20.2
brand,Ford,542,44.3,26.2,19.4,12.9,6.5,2.2,28.2,8.1
state,Florida,467,83.3,43.9,58.9,15.2,43.7,11.8,27.2,45.2
state,Arizona,105,80.0,35.2,51.4,15.2,36.2,13.3,28.6,41.0
state,Georgia,266,82.0,41.7,56.8,21.8,35.0,16.9,29.3,33.5
state,New Jersey,245,79.2,40.0,49.4,17.6,31.4,13.5,33.5,33.1
state,Colorado,118,81.4,50.0,51.7,21.2,30.5,11.9,32.2,33.1
state,Virginia,194,74.7,34.0,52.6,23.2,29.4,6.7,25.8,32.5
state,North Carolina,255,69.4,34.9,46.3,17.6,28.6,14.1,31.8,27.8
state,California,561,83.8,46.7,51.3,25.0,26.4,11.6,33.9,32.3
state,Minnesota,144,76.4,36.1,52.8,27.1,25.7,8.3,25.0,29.9
state,Texas,486,75.3,38.1,47.1,23.5,23.7,5.1,30.5,27.0
state,New York,439,76.8,32.1,42.6,20.0,22.6,7.7,36.9,28.2
state,Tennessee,176,76.1,33.0,42.6,20.5,22.2,6.8,34.7,29.5
state,Massachusetts,186,77.4,37.1,48.9,27.4,21.5,6.5,31.7,32.8
state,Connecticut,143,79.0,39.9,50.3,29.4,21.0,8.4,30.8,19.6
state,Washington,134,74.6,39.6,44.0,23.1,20.9,7.5,32.8,25.4
state,Ohio,329,72.6,36.5,45.6,26.7,18.8,6.7,32.5,22.8
state,Alabama,132,81.8,43.9,40.9,22.7,18.2,6.8,43.2,22.7
state,Missouri,163,65.6,27.0,38.0,20.9,17.2,4.9,33.1,16.0
state,Illinois,380,73.2,31.1,51.6,34.5,17.1,5.3,26.6,17.6
state,Wisconsin,154,65.6,33.1,39.6,22.1,16.9,4.5,32.5,20.8
state,Iowa,108,74.1,36.1,43.5,26.9,16.7,12.0,37.0,30.6
state,South Carolina,121,71.1,43.0,33.9,17.4,16.5,6.6,44.6,16.5
state,Kentucky,125,72.8,21.6,44.0,28.8,15.2,2.4,31.2,16.8
state,Louisiana,111,77.5,35.1,45.0,30.6,13.5,3.6,37.8,16.2
state,Pennsylvania,354,68.1,26.6,40.7,27.4,13.3,5.1,31.6,17.8
state,Indiana,196,58.7,17.9,35.7,24.0,11.7,4.6,27.6,17.9
state,Michigan,273,67.8,33.3,38.5,26.4,11.7,5.1,34.1,19.8
