table,category,domains,share_pct
all_mail_receiving,Other host,3705,46.1
all_mail_receiving,Microsoft 365,2396,29.8
all_mail_receiving,Google Workspace,1022,12.7
all_mail_receiving,Security gateway,915,11.4
provider_detail,Other,2797,34.8
provider_detail,Microsoft 365,2396,29.8
provider_detail,Google Workspace,1022,12.7
provider_detail,GoDaddy,729,9.1
provider_detail,MicrosoftConsumer,22,0.3
provider_detail,Mimecast,382,4.8
provider_detail,Barracuda,200,2.5
provider_detail,DealerPlatform,155,1.9
provider_detail,Proofpoint,133,1.7
provider_detail,TitanHQ,55,0.7
provider_detail,AppRiver,84,1.0
provider_detail,Sophos,56,0.7
provider_detail,FireEye,3,0.0
provider_detail,Other/SMTP,2,0.0
provider_detail,Symantec,2,0.0
all_domains,No mail record,9621,54.5

cohort_type,cohort,domains,microsoft_365_pct,google_workspace_pct,security_gateway_pct
state,CA,450,41.1,12.4,10.9
state,TN,158,32.3,17.7,12.7
state,CT,121,31.4,16.5,6.6
state,SC,104,30.8,13.5,3.8
state,NJ,218,30.7,13.8,14.7
state,MI,232,29.7,10.3,3.0
state,TX,404,29.5,6.7,16.1
state,LA,103,29.1,9.7,8.7
state,GA,234,28.2,10.3,12.8
state,FL,409,27.6,7.6,19.1
state,OH,273,27.5,8.4,6.2
state,NY,351,25.9,23.6,5.1
state,WI,125,25.6,10.4,4.0
state,MA,154,25.3,7.8,13.6
state,AL,123,25.2,9.8,8.9
state,IL,326,25.2,10.4,2.5
state,MO,141,24.1,12.8,2.8
state,NC,236,22.9,11.0,6.8
state,PA,291,22.3,13.7,6.2
state,MN,113,22.1,12.4,8.8
state,WA,114,21.9,8.8,14.9
state,KY,113,20.4,12.4,8.8
state,IN,176,16.5,11.9,4.5
state,VA,159,16.4,18.2,11.9
brand,Volkswagen,276,42.8,14.9,20.3
brand,GMC,343,42.6,15.7,14.3
brand,Audi,190,40.5,14.7,21.1
brand,Buick,266,40.2,16.2,13.9
brand,BMW,226,36.7,16.4,23.5
brand,Mercedes-Benz,228,34.2,16.7,22.8
brand,Chevrolet,1345,31.1,10.5,5.5
brand,Mazda,281,31.0,13.5,8.9
brand,Dodge,1136,30.6,12.8,11.2
brand,Jeep,1159,30.2,13.3,11.5
brand,Nissan,508,30.1,15.4,11.4
brand,Chrysler,1125,30.0,12.9,11.3
brand,Ram,1083,29.8,12.8,11.4
brand,Kia,426,29.3,12.2,9.4
brand,Toyota,529,28.2,10.4,13.6
brand,Honda,554,27.4,12.8,17.3
brand,Buick/GMC,264,27.3,12.5,5.7
brand,Hyundai,439,25.7,12.3,14.8
brand,Cadillac,213,24.9,8.9,6.6
brand,Acura,162,24.7,13.6,15.4
brand,Subaru,365,24.1,11.8,10.7
brand,Ford,542,22.0,10.5,4.6
